number,push,date,auther,title,link,count
47151,31,2018-04-04 13:31:08,(Divya.),■ Re: [新聞] 孫安佐惹禍台灣社會有責　張菲喊話外交部,https://disp.cc/b/796-axGC,9K
47152,1,2018-02-18 17:42:09,(juin2500.),■ [新聞] 27歲被人誣陷，判了無期徒刑，兩個女兒都,https://disp.cc/b/796-atcH,5K
47153,3,2018-03-29 22:38:27,(jfsu.),■ Re: [問卦] 10KG鉛球和10KG棉花哪個先落地,https://disp.cc/b/796-ax5x,6K
47154,2,2018-04-04 06:07:36,(bassmaster.),■ [問卦] 直銷最愛講哪些幹語,https://disp.cc/b/796-axEc,9K
47155,0,2018-04-04 12:29:27,(aoisama.),■ Re: [新聞] 孫安佐遭搜出千發子彈 李昌鈺傷心不解,https://disp.cc/b/796-axFl,5K
47156,0,2018-04-04 13:16:39,(bang59487.),■ [問卦] 幹 剛去掃墓聽到有人跟我說謝謝怎辦,https://disp.cc/b/796-axFF,9K
47157,9,2018-04-04 17:15:44,(Sixigma.),■ Re: [新聞] 起薪3萬9、離職率僅2%　鼎泰豐靠管理心法,https://disp.cc/b/796-axGL,2W
47158,2,2018-04-04 21:18:07,(chichum.),■ [新聞] C.羅驚人倒掛金鉤有多恐怖？　離地高達2.,https://disp.cc/b/796-axIu,5K
47159,0,2018-04-05 00:00:13,(chart.),■ [新聞] 驚！美女醫淪小三　驗孕棒2條線洩姦情,https://disp.cc/b/796-axII,8K
47160,0,2018-04-05 07:07:49,(subcrew.),■ [問卦] 有沒有孫鵬狄鶯賣房子的卦,https://disp.cc/b/796-axKv,6K
47161,1,2018-04-05 09:44:05,(wavelet.),■ [新聞] 「為何墾丁輸沖繩？」吳鳳揭殘酷真相網,https://disp.cc/b/796-axKD,7K
47162,2,2018-04-04 13:15:13,(zhttp.),■ Fw: [問卦] 把館長跟大雄人體鍊成會怎麼樣,https://disp.cc/b/796-axM5,7K
47163,1,2018-04-02 00:23:39,(FL5566.),■ [問卦] 眼鏡蛇在眼鏡發明前叫什麼?,https://disp.cc/b/796-axpR,8K
47164,-2,2018-04-01 22:41:01,(sbs5099.),■ Re: [問卦] 日本討厭韓國的原因是什麼,https://disp.cc/b/796-axq2,7K
47165,4,2018-04-03 16:30:35,(xuein.),■ [新聞] 兒子養到40歲卻上班上到死　貨運司機母淚,https://disp.cc/b/796-axzi,5K
47166,0,2018-04-05 11:37:43,(saxie.),■ [無言] 清明祭祖 這看起來像...？,https://disp.cc/b/796-axLx,7K
47167,5,2018-04-05 23:27:42,(abellea85209.),■ [新聞] 台灣「圍棋女神」紅到日本！世界賽贏300,https://disp.cc/b/796-axOe,7K
47168,0,2018-04-06 08:36:21,(mastertom.),■ Re: [新聞] 王牌律師錢白花？孫安佐想開脫　律師嘆「,https://disp.cc/b/796-axQX,9K
47169,1,2018-04-06 15:13:17,(Syd.),■ [新聞] 好大的熊膽！熊讚躲牆角嚇市長 柯P反應超,https://disp.cc/b/796-axSO,6K
